user_id;song_id;weight
703680;155818;525.398121450904
801034;674816;534.6379110622763
975852;181501;546.5710565235559
563786;589532;281.7543088751565
680731;173540;571.6833741155922
580347;467336;3752.582374459418
510457;683627;2747.1860882581345
427619;139708;694.4679639874261
582638;111351;483.02320216673905
677984;222168;75.65762582721311
763494;116583;883.2025187439343
565110;776827;496.91109065891266
229032;576192;0.0
789430;858686;0.0
792900;697735;414.4153676545744
806119;720021;168.77433487554885
185660;358492;1484.3095744289285
703102;892846;2533.970999504308
886976;359964;165.26018310436547
228705;744225;1047.9497668049867
685281;168036;284.1913100768858
457281;676985;1538.2561998724245
687507;79564;109.2440338476099
976288;853711;2139.867794690125
834376;660710;1809.4618402149652
652344;412048;556.4884961463514
567610;695522;934.3381587604822
757732;561824;1446.663662295637
880154;289302;1872.4503374273677
87420;368515;83.04871070570059
656073;500298;1354.4054907071866
233136;230551;1305.132051224341
23425;168259;712.8491450743811
267531;712748;1154.567786571006
500785;600576;241.17069336736267
464862;681692;582.5089636496283
175764;731273;0.0
485906;682351;4352.853912782745
564202;830738;917.4251569944158
39784;432562;0.0
708871;945506;0.0
960886;124092;2813.8546262466693
617317;481574;1994.078514004826
432054;232504;438.2396529556056
888088;178147;0.0
827484;175115;1359.8413105757684
101403;810856;648.2090811330226
198599;930630;827.2837546602693
184614;885751;235.9947426113895
168685;991132;1072.9756598771583
360936;181501;0.0
594395;467336;1961.3656150445381
960230;944806;576.5778229393878
983077;453204;0.0
914527;19394;247.74638894494893
134594;361613;2632.531780363441
257737;322436;0.0
514611;742056;258.2432833021279
90287;46897;0.0
960206;155818;20.765184299395287
196165;323222;0.0
847891;545918;1201.8995516798195
927322;634974;1030.4647669522008
728367;610392;0.0
138760;354754;0.0
383577;43041;0.0
756469;203088;1051.7898443139945
263144;419839;521.1741161633281
688290;810856;601.9366427676163
229999;173540;824.1773719598734
873523;71619;193.48982056565904
826268;477242;202.32610326093265
196767;405050;2707.8879799948563
956139;429815;630.173522505826
853921;247498;738.1045879916041
642482;209007;880.898670915002
192054;947232;631.4735623733891
991436;950081;4435.750756769578
402936;359220;995.3937402662291
73483;343176;0.0
665395;696504;0.0
94128;191805;1122.3837377662635
733443;784640;0.0
145024;149616;945.2355897432877
87420;357060;135.15634505964513
939428;443963;1218.5730049783667
845022;172970;104.04041613400068
73989;442208;2732.0111164211207
748236;43055;403.3948194332098
961715;780093;0.0
789805;753436;179.54671076183888
321379;361613;1054.640787410785
298171;137151;0.0
473629;964047;2065.581872978743
961018;278805;0.0
922821;845427;1293.940051566446
746758;543648;235.45012952454914
199796;923116;673.1819974749096
567276;361613;1739.591035232566
787431;76576;91.1117565213776
809388;421331;0.0
956839;530632;880.3564544660776
645071;272457;419.4514013512532
497095;958530;32.808255202950704
303215;325011;590.8463374460935
616654;166845;1031.2240770021288
402769;429117;259.4132159269196
387838;789786;930.6200859388878
280445;278805;488.1858562786183
921397;845427;247.49800081499507
5545;138995;542.9533904547086
269328;843807;0.0
815960;358032;0.0
581089;175115;411.5947290939461
258600;343176;736.4327771181344
826214;124092;1701.4908137407333
511970;378771;0.0
930675;569289;86.62199029836974
235465;677576;525.5033402922957
826533;665162;1178.7551571687559
63167;457602;512.4589952774195
749492;122935;820.9396766504229
115791;99737;74.42879806660744
348711;494777;0.0
457220;23763;2306.722695576266
87432;873790;0.0
878123;935585;773.4495329439377
749597;695522;2389.5195873529437
155431;668467;819.5290710252518
843911;156463;0.0
733993;301921;566.2583067923078
173252;259282;659.0170659872279
304970;40691;1808.889156710321
667644;930577;0.0
291936;218845;49.425871222952466
853921;208721;996.3614380626486
809698;172970;642.6519948158704
212905;342381;303.0261055084147
548651;879365;0.0
40242;332403;0.0
629589;440242;724.226212976218
572442;926341;0.0
862066;853711;1629.5119329707063
690928;698415;620.2761940177649
880154;961450;1106.3945893533826
838520;361613;1240.5051336433125
950278;181501;694.6639895985259
705172;984203;253.56284020874688
525454;282435;2463.9991764947317
94085;697735;879.2010914531709
742254;887902;234.51863723380052
204933;736860;299.67040962251605
418840;22989;0.0
459393;302116;119.97134239068373
387451;11502;1845.7661148267987
127948;443525;222.0795189003026
162715;975724;372.6624142243701
233407;175115;1575.4865620778473
720908;172767;610.8662980487416
738689;940986;0.9969338762372786
443869;159780;355.0626043538779
965700;158396;0.0
760280;430087;2504.1356768727596
535656;699356;0.0
545414;64135;813.3136394129067
706244;184702;0.0
14468;530577;572.0904533021057
473629;831838;2043.1798183140197
927895;156463;0.0
321379;569772;0.0
714063;444328;2645.5576710919577
413789;442208;2147.8915488350463
328648;442180;1137.78847063987
844831;825117;1230.610830981645
652162;530577;715.3396876873364
35301;581871;858.0304291698359
51309;200862;0.0
690928;622212;688.9887391053824
709789;569289;1054.6124458403976
307077;853711;1581.6184577348713
583366;322141;268.5691053959198
770147;964615;42.610398835908825
485327;530632;350.6596267835785
390708;919754;203.33737994197256
500243;580528;170.0083810668578
105101;155818;653.5180179263045
592059;835492;1193.3489281260713
35301;19394;1148.6264366436515
609299;513102;0.0
922821;222168;1286.9223903730058
606675;118072;888.9814886427848
388163;576534;0.0
292139;795806;0.0
428585;203088;1002.2099823853434
921538;866793;1053.0879184159119
269980;545860;1172.112425150599
739689;443963;522.1788956598323
544870;62959;1035.468021827358
230844;30048;3571.790025492828
133694;429117;33.645408658520026
872098;65027;47.984192439395486
304321;88581;547.7539034567503
922821;670344;1352.804847174069
602086;417921;541.084871650138
50241;929648;0.0
523601;940359;1030.9552563216068
428998;477958;0.0
386252;490812;1253.942678576026
527585;530577;830.9482045635439
672075;203088;3861.3253321745515
549879;719852;1078.285082424432
517910;853711;1253.4673606201686
674938;923116;743.6528239401142
379468;839768;350.81981352386674
629329;359220;0.0
738689;139708;0.0
836445;714905;1423.7917309895602
728654;576534;0.0
162306;839864;432.50035162491787
677058;961450;3133.247116147233
696596;429815;442.41014896101797
865119;810856;1167.6414002507543
702370;864193;318.4465255955281
889386;342381;719.0258377289606
12778;676985;280.621372003064
748236;683627;2091.4380184061624
146050;882140;2318.3072054577447
860559;343176;0.0
501724;103828;293.65904614671325
629275;371227;0.0
767243;810856;660.6812094489566
648669;720245;125.23790813485175
873523;352427;321.47653299296024
411817;419839;1145.718535929544
379357;528099;1777.0853214501744
500846;156463;78.32654637670396
984969;107765;119.29850713560165
31327;753436;581.8719332475064
144919;59550;305.4112787742385
52441;825117;440.062235904582
17180;531167;3529.3309200451467
113887;720245;3970.686152590018
798629;366172;1971.7217071078505
180375;257446;1588.5264395054953
677984;998913;5.587760395597982
991074;244124;301.4130867328563
202511;404332;957.7587899678556
749597;817206;2129.541631984971
540926;146545;550.2232385535236
754834;341932;605.789002311125
84252;558292;0.0
680396;707607;923.2517833035402
208192;558834;344.4819223425959
899692;259282;198.14013336090517
578454;685284;0.0
759507;875661;0.0
619310;337599;3.9304030810304766
685281;860465;0.0
51230;697735;997.978908229976
5545;964615;458.1691185278238
46049;322436;1027.92723937495
560178;282435;4370.667185156237
865119;695522;1233.0697161494056
478885;693469;488.2555591753735
197033;20822;1489.4429472485112
519266;918042;7214.930965115509
900442;768391;1559.8053673566953
731718;257446;704.9704899831415
703680;785196;228.88507860505553
779448;637840;448.70070662326754
366716;222168;577.0778591175167
412878;853711;1277.7206962513706
569729;947182;636.7651220244607
213799;750287;306.00832477737987
905328;289302;1585.121655077396
394550;969697;5453.773635061263
10146;133019;0.0
914075;481574;1864.2945587924414
25155;306419;341.9750829335393
837400;637196;298.6460388963705
212905;741090;147.22880477213224
485420;276693;4019.869821871123
617317;550395;981.0250951426807
471115;628744;149.84630469379857
308024;417021;367.04340471934734
368320;512900;377.4699949727464
901815;477242;1042.3508944918192
704863;877336;0.0
780239;458201;357.7101381730137
233229;589663;563.3462494929678
448583;590338;1478.6464057726205
465371;720021;541.3547919286284
479968;43965;0.0
290643;2282;619.0901980870408
473629;964047;2065.581872978743
287882;625262;741.1177520509018
751813;156463;420.7030840344186
12180;158427;0.0
218067;720021;150.03354391871682
440649;683627;1572.4208864241148
583366;290726;817.2165784863589
154142;961450;2261.7791125408366
257365;110225;1608.9888331193097
425980;560212;410.8438815757825
162306;952765;294.3419824525631
717621;882140;373.90810064415905
941366;615562;561.0812852009988
926638;442208;12548.84434514962
805478;203088;2130.1525923628433
278830;332403;111.05842152929941
892315;176088;78.53529022177038
728654;172260;335.99208868735167
687395;357060;0.0
23425;361613;1655.8779252627467
996586;964047;565.704868597581
13084;742056;0.0
914075;617660;1719.0330303453607
303215;416657;946.9630117706486
30404;668067;909.0022523251241
655693;956375;2398.9749431739174
572295;457602;147.90396083483787
388163;845658;394.71731915247557
275753;763239;326.4753947045512
508803;173210;0.0
320710;367555;677.8754387116905
178036;632927;1758.8964052636993
415534;78309;1757.045132820077
939109;357060;798.7827868343553
233713;668067;389.9341678052374
616727;810856;0.0
694983;617660;1632.0501388073735
897835;252161;830.152690088626
804132;412048;737.0415100289752
377658;332403;94.7391596086126
386404;30958;0.0
776400;86690;0.0
133263;70231;315.7952361618022
909495;412048;180.97365958119315
527585;121800;685.6084404999722
3028;92051;372.47639776782637
91756;930630;592.9850993641435
367802;20945;951.7656957868376
274002;720245;1115.339971553091
943078;161791;2021.573112712531
16583;325011;0.0
312559;660918;243.05732626383073
946410;306419;12.380008235386285
646566;88581;1020.5319485780102
958627;357060;7.700220581948912
798629;947232;2115.833312366001
198793;923116;702.2359932556166
629573;116583;541.4114033540191
535656;684955;413.5044248451726
320505;62959;110.2160277959967
325302;853711;2743.539338557429
139237;124092;1040.6698274009386
226076;224759;1510.658747847785
277770;442180;865.1187221996911
919883;412048;3202.3447518439143
202214;124092;4364.289090080717
385467;554209;618.6978777024498
300804;685277;21.108706126922684
600619;611677;98.83514822521113
430771;442180;1385.0050278425585
921538;259282;1400.835319668078
733993;301921;566.2583067923078
877276;831838;337.5793794011876
520152;368515;134.2589424533065
29229;543648;414.11789319802716
980347;887902;2101.854257555975
314971;14510;2573.9213182976055
872280;731343;1179.3004398867683
13713;947232;0.0
88536;47251;193.5168618469463
533032;442208;2037.657311839081
149845;453204;0.0
461374;842353;228.60107349316831
397925;352427;356.3342195851406
748809;765421;694.591193739925
196165;975724;64.37243794611686
550427;247498;950.4466160697439
198812;964047;59.933042806725666
361930;807942;0.0
675367;481574;1803.2234384055682
981277;175115;346.5928271453328
550269;461718;0.0
872098;580997;1071.1299302160678
29341;714905;2302.74002787541
501468;809910;0.0
581813;853711;1715.6887275950353
687395;961450;210.78654417916584
468276;92883;686.215670186023
623294;593407;189.76814709690638
515608;303318;101.01592315175259
968421;880878;174.22853352512016
52929;968746;91.74317376159215
393604;432302;0.0
494116;419839;132.68215932761876
52933;845427;467.7000323180225
49766;324722;0.0
751455;442208;1885.8135420652843
711852;419839;859.9236809484792
5334;429815;641.9275477505953
652344;622212;0.0
616467;77532;524.6054599484071
400867;142649;0.0
584174;684955;281.79782825658526
60438;680503;251.1801560545705
30404;218845;807.895372031019
809698;918042;3964.47768935356
950407;285685;0.0
290858;865701;997.8004839120347
132102;720245;1980.787995345097
107122;810277;0.0
376613;95297;3722.296874219557
52933;838567;225.43316575342004
756469;85370;652.0695375434075
197117;837231;157.11559408680841
628474;143964;860.9669112095022
509031;62959;0.0
648400;901795;62.59625400963586
462373;918042;3976.143667605811
190171;720021;5175.407698563648
438811;593896;0.0
705897;163987;894.1895473320003
886557;161470;5937.092973560874
948660;361613;1348.5290487514671
428585;134783;0.0
154714;85370;395.7157483987311
381409;134783;0.0
466354;325011;238.6396167783132
510457;361613;2221.300455624439
729324;728573;175.49826073207467
328887;892846;460.71097218924956
983454;443963;287.54500519051106
841967;155818;440.11490192058864
294105;558292;267.6563279036626
688082;176088;389.15423141528964
208530;520514;107.97657907295891
5334;755701;0.0
672617;904592;798.4207753690587
445584;720245;942.0580852080054
98012;481574;2198.1060880014647
757732;429117;1791.567560928492
651842;404921;252.99854880568105
179421;332403;1544.6857066144166
696944;467336;4751.273081717149
757708;805437;0.0
745745;85370;934.9106894988834
773773;578968;251.58297583704012
830138;83760;307.2943949221654
816529;427016;309.6265011883168
74832;85370;710.222675048985
786606;173540;114.30199417494867
728654;343176;0.0
641101;359220;0.0
662690;59550;7785.139395145323
287882;720245;833.8621874192913
996946;581871;4798.842442235305
831962;695522;266.7600079738434
980347;121996;1913.8865190879708
675367;285685;0.0
32513;30376;156.3262846184264
391289;765004;0.0
109353;712748;3457.9850811717906
91959;163987;0.0
329918;543648;721.742954451501
865448;797471;100.97643005550718
674371;483285;221.30456184800502
217484;139878;810.1907307868128
923619;341932;1294.2755723379319
235465;677576;525.5033402922957
522992;683627;2022.1108727376447
259412;918042;3638.453609398263
109353;894544;3178.2017860507185
356813;64135;7320.959706627418
890152;30376;276.13794472468715
983077;359220;0.0
75683;343176;306.1779727957403
677984;132660;5.116688151755909
976972;318504;477.98820884594886
102809;357600;149.67468429100177
267531;936020;193.93093773889728
296720;905371;321.0566528996766
738728;579967;3361.217421913549
170321;155818;360.3545871824033
60438;772796;52.39970843994872
249667;232504;1721.0645404843183
226184;282435;1109.5531370521703
623294;245135;0.0
580758;955087;1381.5561608843002
504578;720245;378.6514447209627
3859;417999;100.4628050817634
267531;567422;519.2491410353766
763494;337599;915.5864373201683
748236;337273;1264.5521237113576
46098;54879;0.0
179421;7391;1550.6892866136918
816529;15238;185.1140783765178
249741;785196;5334.793623476166
742254;681692;919.1683028749753
149710;918042;3993.5036970512215
943753;342381;436.57493927969614
565019;19394;945.1848885266925
239215;684955;646.3232931568394
865119;442208;3003.857011801797
189144;879365;0.0
285752;631627;0.0
82245;740537;0.0
612336;595517;1269.5109201026207
943405;706119;296.89004280952423
314004;175115;376.9545081406065
182917;878291;754.0448705633678
98220;358877;74.073110127051
887152;656648;0.0
525454;181501;1131.5376253265567
307836;366475;0.0
889517;210547;497.4954881583942
154714;175115;83.08768238525016
462373;191805;512.3127231274055
87432;139708;87.38432132595688
993278;955087;154.59702341891244
88833;481574;2563.9367079566996
820043;853711;1627.3767041060241
178036;419839;2428.389770513705
23425;181501;381.65966037898806
152292;88020;593.8571017028161
872280;746858;871.4387910234295
235170;647752;0.0
157849;546334;729.6985130884771
870695;671635;254.05406344394126
475311;569772;0.0
119912;964047;746.3735861794826
229999;309284;436.0886816953466
434435;359220;0.0
366716;653526;948.8099421156396
983003;395742;0.0
462373;430960;54.6181704915945
385920;168040;2298.4957324326238
399241;110225;796.1452160184083
249741;83760;5087.2532244510485
255238;593896;462.3160216344473
642482;377243;228.11731000894395
583524;429815;3458.44608446341
921500;442208;1824.3814679638706
443018;299201;477.75220433747586
915822;501406;1205.1504177116112
578454;741090;60.32457630220611
725592;662929;310.6689460273391
299012;742056;85.64856526571837
35953;993433;0.0
388542;539831;0.0
987042;679564;0.0
461672;285685;33.88256705901823
551116;942223;0.0
904490;707607;1482.7058209596828
245375;523230;1188.9029121920692
777914;46858;445.8466215319558
84252;27852;0.0
141626;134783;953.530078676592
32820;894544;1120.1594686668468
446114;853711;2314.8181075213706
280345;595651;488.7985740554606
788707;110225;1139.7045865174841
588774;998913;367.2170546523317
940112;892846;962.0515621433822
685438;325135;2351.0572899439594
704863;203088;1021.2033693304502
287399;695073;0.0
481517;965622;563.1694274021423
36989;252330;0.0
149710;631627;291.5455154017795
21197;8532;84.31857350560648
672075;707607;3653.275199069769
904490;353431;747.5412154980052
778023;924533;73.99524537038482
721041;40691;4908.049961685107
621581;479451;2045.5547653776769
687507;368515;106.01573497014382
312559;753600;232.01693648783646
292231;358706;1230.917447143042
40167;685277;1246.842967945955
165064;792241;0.0
858927;200862;0.0
960673;209975;792.538952974423
743002;699356;0.0
943753;706932;59.05112977251915
849071;169708;3507.294491329351
933875;890120;673.5005222637443
502855;161470;2640.959626179743
931636;866793;1460.5353383674808
689551;859848;1160.0901620811078
905328;77532;794.1873070371876
864274;853711;2078.3146728529887
854305;546334;641.8145424874083
912876;528099;203.6044627628536
801034;83016;43.603614030104566
641101;878291;0.0
160531;838773;218.1769691828058
456045;172260;247.78105228767316
820043;181501;0.0
980347;430087;1969.0571847326785
546751;90870;291.7894252472588
472734;993470;862.6466240466889
572442;182948;0.0
134594;975724;1625.239279539234
278830;821099;700.04237821984
303215;799263;957.2094999616401
457566;961450;1072.144551485033
268330;77532;96.51144007555308
651183;161791;4759.742328702708
784469;197265;62.201909273164006
538866;323714;1175.579230957167
396793;356630;243.07166109880615
55408;762652;2782.7954488213563
956139;712748;513.8446530878844
950407;429815;219.47043510400886
539688;354754;1404.7442259476127
488972;427016;2108.281506464318
679277;463579;1662.0904865653667
717621;204071;0.0
147687;323714;282.7750043787395
344387;804852;1330.1460251830617
646811;603814;59.25332484402597
106422;559634;318.17829438308956
400684;598237;510.7256308178551
83556;28824;0.0
857941;560212;127.76381713843703
921500;712748;479.5111041890342
155448;159881;140.30743867675386
397832;271305;0.0
931303;914322;943.6382889900931
693315;422993;0.0
960206;968746;0.0
841491;581546;876.3790188961392
560178;429815;3867.9856088095758
135234;964047;1205.0101286152408
220422;454172;515.6626405224391
461374;359964;0.0
930582;431405;1886.3910543554177
898340;959822;149.89599609298511
537780;151958;856.4709594096718
745745;332403;298.01193102469654
255238;785196;0.0
155813;546613;6588.183838415312
462373;853711;1849.122466651884
810951;842353;623.4124756024536
428286;837231;440.76833303766136
363327;124092;1038.762748934949
517362;155818;668.4265493928896
676545;667218;956.8403691484647
718811;830738;1456.0502310351185
272515;252330;1576.8710634642537
386252;720021;1572.74050831556
461672;845658;193.34911312879268
767243;892846;947.4976784237979
290858;429815;1652.0878086693106
548897;77532;458.0769061098342
199575;858686;1345.722622896368
35632;172260;1193.7928524493032
921349;652478;0.0
548651;885751;0.0
764100;566781;0.0
206430;78544;2409.3814415976703
822352;35691;732.9340101703281
776400;124092;1339.5647745920705
381316;79564;444.8099105739095
155448;173500;0.0
626453;168040;6012.620470812115
879323;706932;290.76400874989565
625230;427016;411.38266548814573
550269;467096;0.0
364412;794732;0.0
777692;172767;371.85845939156644
917331;280800;1127.2316146938456
621581;76655;1652.8811525054643
676547;707607;734.9821385132507
994557;203088;1444.079854361511
363327;811014;130.36135209115997
44344;124806;1401.0394316092259
217484;139878;810.1907307868128
948660;825117;495.42811264682865
470988;407444;321.3068294226916
904490;576534;356.9788977753898
858239;617660;1833.8297136235572
131584;541838;394.09886862819434
178090;197587;0.0
81638;626176;166.789305927432
160451;88581;814.8458730264872
893916;366172;0.0
962823;964047;346.3260631703329
380320;418352;38.67296695456186
680069;279019;324.93637302290597
329721;203088;3223.8464678417067
338687;853711;3217.3640553800606
665381;226012;170.9474733867101
806610;172260;587.2490201159085
596439;682351;4660.238286207175
179421;168040;2933.615583861856
502990;19394;609.2635432740656
402706;155818;661.3442686944231
101021;515894;859.0179458237612
173042;481574;2853.815112648567
329918;543648;721.742954451501
208237;603814;530.1474233458025
696944;724817;3736.516682100222
763874;697735;4572.693997097876
185706;324421;75.0473637635868
956839;945506;491.0309906085385
980278;477242;0.0
388542;68758;0.0
229032;841918;413.27608826840583
889517;500298;275.7453639278705
212644;289302;1867.3267539335893
589816;665225;0.0
360936;83760;0.0
39784;449050;0.0
572310;853711;1711.2889632954275
278374;746858;0.0
848198;858628;296.9689504810694
931256;530577;1118.2388599225778
865855;354754;0.0
826268;531167;3115.9805233649654
933875;137151;820.7168647190873
224720;834789;189.88517287644808
109410;993470;289.09099038779243
862531;810856;112.33754553602836
473629;467336;3962.370119811843
645088;892846;1768.3021956141079
606750;203088;1780.4999633502896
105101;323714;808.3248325168086
714063;595651;2948.0446500865496
994520;94700;0.0
930068;490812;251.88371386710776
611929;603814;274.8050745972514
767243;837231;331.6827476795697
314004;433133;1142.3117930694402
160451;88581;814.8458730264872
128643;120514;775.8715581809214
263666;936020;0.0
329721;395742;1709.5309027983446
500243;166932;158.13029672319504
956839;209750;1243.128876710342
495790;137151;992.2326028645372
97664;175115;324.25381200696125
953808;71619;264.3353594414618
139237;271305;0.0
235465;166845;717.8458538436093
345317;960105;564.9961329128685
702113;155818;3042.0048044101377
936230;720021;0.0
996946;256944;4855.084216493889
494923;203088;1776.6603992892135
387838;419839;918.1968550404713
57955;882140;253.0746983078609
9072;968746;168.03889000197867
189144;849673;240.02503954473025
259412;124092;1057.8231794253654
280445;445880;503.17169674029117
614659;860838;857.7327505282263
317525;133305;0.0
248522;421230;1043.5536136190124
208084;707607;1279.0376858357079
20501;720021;493.39097843481085
200749;422993;2320.0872706242817
60438;7391;239.57326083708753
239119;531167;3116.0925302744763
214829;368515;335.03120223139274
717621;720471;242.18992917455682
16583;161791;1574.4645486727227
149845;161791;1182.260647847821
708871;945506;0.0
594395;200862;115.83430367070989
962823;266299;451.0641116647954
783758;244124;717.2548941917721
456045;926341;41.68320809317498
939571;181501;687.714207347237
94085;33540;24.395537647388224
677058;481574;4603.572995680812
261329;558292;563.4511746445678
738689;636297;0.0
939238;347465;0.0
811101;841332;1611.608293490522
393955;404332;331.8190869039151
183541;660710;235.18275176554437
583328;955087;807.0314375414955
342670;467336;3660.9158495786373
869053;561824;1991.3147573238343
759507;59550;311.3255498521232
285752;978372;0.0
520152;417999;204.54386127288313
166096;779403;180.6803309611634
23413;458201;0.0
863527;124291;63.36530097623353
255026;947182;469.99205105401734
252585;349340;50.58303457799127
550465;926341;0.0
676169;817299;123.86452781093402
714512;11502;1998.4224568001327
375550;648994;1054.1277599181271
940375;353431;787.9392910025981
946410;493058;0.0
535656;244124;343.0095025004297
387838;161791;2100.1083915962363
690769;43965;351.34397827501346
778959;850645;0.0
878123;941421;0.0
930582;161791;1791.327577624831
32813;442180;176.59365242558295
877034;975724;130.94836083170094
405415;209750;2292.9513255299225
802814;437750;621.0008580553501
138760;354754;0.0
769063;33540;0.0
369563;308431;0.0
863527;55333;0.0
229536;695937;740.612158981169
553919;298381;200.00363603959045
307077;173210;0.0
891024;209750;3537.1363855656027
674371;71619;324.0264381640389
679277;731343;2000.4033006797627
208237;131361;796.6217757982844
494923;203088;1776.6603992892135
670600;510309;99.99434127790988
87420;322141;94.9042911415315
484907;203088;1089.9125838167542
141626;467336;2913.431667932584
643349;85370;1528.5046533535342
804482;763185;263.1485223723109
46079;124806;0.0
920883;882140;452.3591385453744
221082;34924;392.7528193489977
148529;68618;905.3165097509245
835455;513102;322.75099782962246
821723;744225;346.64510361783346
381742;454172;390.6988834822113
84252;419839;0.0
674938;165206;3.727533104018157
713609;33540;215.33228412184639
35301;569772;884.2497018387728
323213;943114;917.9176390273475
320312;231924;174.0705347866143
406426;742056;0.0
54907;279434;241.95034825504223
648669;99737;69.22086061691334
343297;593407;306.4286239001298
936489;173210;308.5708949481571
739689;207572;116.11584583518223
983454;943000;0.0
328887;11502;1099.443191588195
984969;508732;0.0
415685;175115;1294.120814950621
154611;372792;173.18001572236318
788474;207572;46.44386580973392
10146;429815;708.4456545852029
5334;911765;13664.594982493118
280345;500298;273.46465018022474
198812;697735;652.6355283107262
128643;252330;688.0615237847165
367242;737971;221.4174137548598
227356;701088;698.5940092215374
962823;689022;1499.4634818497111
360936;765004;0.0
825437;845658;524.7737868848969
314004;785196;0.0
983077;710003;0.0
956139;124092;998.7444371846517
9797;62959;731.8345036015678
427619;139708;694.4679639874261
926285;967776;0.0
841967;918042;3977.875016470527
956139;156463;0.0
983454;117240;988.1376072937218
197033;593407;1939.9098859279675
238350;313852;1304.629588723516
292771;683627;1782.8852224749148
590674;284898;0.0
652256;120514;612.4748893804087
379529;175115;328.6216379254327
831804;601564;288.33836797436686
300740;442208;2739.1255707713294
781907;239589;2138.077885727026
477165;918042;4496.272645866482
950278;182948;498.5463701816666
72732;276693;0.0
734572;357060;482.50699337365427
541390;134783;198.7014033219512
486723;918042;4946.296260457259
680069;83760;0.0
300740;617660;2617.63111044854
249741;810277;5670.945071604117
784623;166845;983.3104304026973
255238;407954;64.78827859084694
52933;172970;703.4561320013431
715340;59550;184.98972815814676
318613;968423;101.78294963374856
996946;419839;5141.505894595328
170321;880878;455.6702491620881
758559;373880;184.83834702927248
995474;685277;868.1047445864262
950278;111351;664.3906709763561
218312;528099;1190.2332218841163
518921;442180;1016.7232456725543
445584;202503;325.4107646205013
641245;154970;1422.3392141357763
962823;964047;346.3260631703329
580763;325752;357.9469975105386
891017;43041;552.3833098882133
588774;880878;559.4419229281442
484907;134783;5.989928266001186
102625;417921;2693.295410062235
435858;631627;159.1168268600471
565019;676985;1037.4498191860819
15762;397791;521.4808759612903
952776;83760;58.57435502992803
321831;841918;1911.9657990564715
9797;244124;951.3879326824258
909826;569289;4239.442471759645
702370;230551;637.5643328157356
436879;530577;1238.8504054125276
461374;668067;28.79342017329995
931636;990451;1574.909563881661
511164;991841;1227.6334805707093
552679;580751;0.0
896821;181501;669.3391057020668
864274;831838;567.9204150322997
558817;539831;178.6372093698895
338687;683627;3365.5078343782047
68322;807942;0.0
490549;99737;955.8519777613981
635419;918042;3845.5348764060927
784451;353431;449.4094858419386
321831;926341;1453.3497564277277
278830;716602;0.0
781907;239589;2138.077885727026
756469;133019;0.0
154832;231924;1035.0965349357698
845634;465904;236.68189808142895
393955;546334;952.63714502145
307836;285685;0.0
372854;217961;652.437857727888
380320;582264;376.7537924421061
138760;786341;0.0
932825;161791;2067.276211464165
475311;392334;112.65884055865467
908195;680503;137.2018965674614
119317;974267;403.8652493492645
239119;977491;643.3590633453625
572310;789786;488.48577733743343
642984;366462;1456.521125678866
198599;866793;828.8955342001559
308024;417021;367.04340471934734
763874;128283;1712.9523663004138
514757;22156;558.9759868391892
858239;34924;73.66090758664126
97664;200862;67.04980712243966
684086;466274;0.0
160451;88581;814.8458730264872
287399;372657;0.0
164135;337273;1686.509917479897
143176;880878;452.28900708858237
145;430087;0.0
364412;681692;787.8466785599053
884287;853711;1403.6120520218963
216482;71619;1197.317029514115
662733;759621;152.51066645296646
299012;850104;745.6640606346958
583351;880878;125.01492399868005
416958;943498;0.0
69792;733553;916.0232611468601
387456;595651;384.28502481172933
243896;252933;209.21788921951807
152991;361613;1052.2814573139972
858258;568205;419.94116482960175
46049;894544;1354.6992466490508
502855;442208;3327.0830475852204
413862;442208;2064.4446805002294
50105;278891;329.26449154569224
863817;998913;31.722371300962394
490549;422993;304.9432563975687
656748;840981;1933.4811293695059
562020;965622;962.1182602095473
244421;530632;340.3245829960575
559800;43055;336.75287238168414
549429;853711;1475.6204077277048
363327;837094;0.0
778959;353431;0.0
978744;305866;653.2819507532695
833290;694628;167.49186614483492
939571;361613;1961.9324722309957
295282;914322;89.35250969200774
777692;693469;1036.504763607514
588548;357060;520.37912922604
536001;814031;2739.329097616684
321831;690691;1508.649625202527
764148;969697;6163.127769487736
14688;655018;955.0116990164759
144562;765421;1162.6426701905057
107122;311506;0.0
812593;81663;0.0
624871;974267;0.0
674938;817299;0.0
110303;442208;3167.256011379056
619310;230551;0.0
886976;595651;392.81371356353185
292231;357060;1527.4243521340861
863527;19394;235.22866122027193
927895;785196;0.0
175764;845427;73.51096761996212
888338;176088;2363.411540053888
742254;427016;374.9124118902034
324446;453949;2240.1734818992963
652256;757587;571.1766557639077
680069;720245;654.6603454523519
784451;111351;177.5736772950237
677025;631627;0.0
296676;923116;1188.4415784943196
341782;222168;297.85270318933624
27282;685284;213.45256189085936
494116;155818;0.0
447121;528099;1305.824686929318
510562;230551;310.91632402826986
677984;124092;1059.6266512687666
214829;546334;907.0711793756444
209564;405050;391.6170930949903
726374;912372;303.1345413053362
345522;235559;789.0459233418105
118098;513102;1675.9230109827638
786606;467336;1853.093173782489
17180;913809;839.2674568185718
889399;853711;2931.0238456290563
846172;155818;389.74601335139823
67558;307791;6470.284903331624
929711;710589;1450.7452544378816
698431;693469;2037.1252554448042
488932;992122;997.7762200473327
541424;154970;731.1900900919003
160531;75840;301.731220082267
168346;481574;2427.835457165554
447968;418786;1080.448579323929
663510;161791;1673.442096788338
435858;97764;165.5188408172163
805478;442208;3003.6968330500467
551116;676985;283.33544353940994
792165;467336;1606.4323596544891
30144;250431;0.0
1539;158427;1283.9035941242691
982806;660174;241.81375345019472
119317;24488;1914.8460491486828
417037;323714;384.3030624334111
617795;728573;536.7398051338814
213860;579967;108.59941921248623
783042;528099;1677.2543087781742
820043;576534;0.0
513869;720245;384.79112107027936
292231;720021;1630.870390265857
872280;821099;1457.0244300416439
418840;546334;641.8291918880058
24901;467336;1505.4534812606094
945432;887902;35.234420705317234
243588;121020;287.8467254372514
782334;615562;992.908644976721
961018;282435;994.712538909003
735011;503267;481.3177172094772
395918;558616;322.6296479025881
82245;825117;183.85537195924354
40167;222168;1408.6809972288434
187469;124092;1654.1160938380985
59627;230551;417.7773449286417
173108;658396;114.44065796615158
280345;312649;641.3872749791394
537780;151958;856.4709594096718
792900;842353;86.96404218892258
249741;683627;7190.18935891617
109576;681692;827.4886818737422
994520;62959;76.90865444696732
676547;383272;0.0
387456;782278;475.24175892110185
381409;842353;153.60547139903076
22741;619680;0.0
978528;578968;1398.518768177157
112134;15238;937.322701367263
916590;19394;194.22468538395532
200749;652478;2988.3359896483285
940045;50627;2700.5255831083873
457741;82472;4879.604633788367
999975;337273;639.2704276897512
702113;124092;3999.134488987179
445459;617660;2338.0713461062855
560178;347465;2852.625649124555
927331;950005;1766.394906994636
208224;837231;0.0
183541;268162;0.0
572310;586320;0.0
413789;156463;115.60125978799738
272968;853711;1325.6406052375446
580758;579967;1316.5767629419668
971290;15238;1026.6186162866093
428585;134783;0.0
127409;251377;694.1554505358116
772157;124092;9096.683092569365
300804;493058;0.0
834971;761992;0.0
146170;772796;2014.5125679510934
596916;442180;402.8049505959716
694461;833579;167.5521711382794
687395;357060;0.0
226076;546334;2259.974974251538
878123;50627;0.0
198694;397791;1121.6040142362597
670600;510309;99.99434127790988
469180;610393;0.0
572442;716602;0.0
237425;62760;342.7127098711916
999975;765421;0.0
826214;124092;1701.4908137407333
351038;682351;4392.807799361279
708871;358877;352.10696100490986
893916;464465;1235.2755169867696
202173;531167;2583.863388696801
40167;853711;2846.259251689367
980347;13960;1852.646572254507
553396;247498;311.3031746706924
845632;618540;80.11879116175717
386252;979791;1448.0875104219156
601817;843807;1458.9916017492337
204933;27852;0.0
578454;231924;512.2982941880318
983979;79564;340.83172539030215
767217;752391;2221.8154164427024
178036;707607;2988.383164237229
572442;817206;0.0
508803;944806;0.0
217877;779403;213.0867839327363
860559;378771;59.21576803617609
198694;442208;2421.0370888582975
13084;944806;96.32507768767746
994931;220331;0.0
489729;629128;0.0
564202;429117;849.5679547162697
617317;902478;382.1926995709462
452902;449058;0.0
820777;417293;680.0057867256014
784451;707607;1184.5740913036161
509937;194983;511.1203930550277
518921;442180;1016.7232456725543
316303;442208;2166.9947977294137
583366;322141;268.5691053959198
500846;404332;210.89803437366305
921349;593896;0.0
589816;200991;0.0
838702;892846;297.73071409783313
777914;945506;587.3835311569042
536265;622212;0.0
617317;481574;1994.078514004826
834971;500298;166.19645365866512
991163;825117;405.54711076045527
235413;154970;2215.7407360506727
485327;563716;259.01458790872437
143176;880878;452.28900708858237
104494;493058;1988.3132350564706
846172;958530;523.5671677563648
183697;419839;1662.7642256460945
208237;984203;710.0649271899211
182917;772796;290.3511696578763
307836;578968;71.33189906991726
21485;697735;1429.687559158206
662733;263311;380.9458308101066
633800;960493;103.71913964710735
804583;59550;1034.6623492760252
239119;892846;736.4385061285429
387451;341932;1397.7496083849617
365616;68758;155.2347020488911
173108;530577;567.6840601512304
867717;776827;1167.7275619779305
300740;810856;902.9099592202867
405415;166932;1931.344640609244
150265;122935;1067.4826391541496
226184;193033;0.0
887167;62959;299.91771512204144
533645;936020;1950.7019731426167
320505;357060;144.04095843545522
921500;849673;102.95708532567596
548221;610392;417.2844689049938
368452;467096;878.5201449640807
363878;230502;0.0
212256;284898;1756.3168893875552
980347;419839;2234.216829588161
943078;974267;637.9777570712928
779163;203088;1707.417954878918
757708;528099;553.4115903324227
583085;6139;672.1546967437628
30727;217762;969.4214294184233
561339;887902;73.77203266074719
909495;693469;274.0074990047756
374572;134783;74.5358833884871
884287;134783;0.0
901815;155818;1308.6501687710102
477165;926341;861.4511965677166
721041;292823;4449.996436730896
68322;45981;0.0
951876;263311;365.3672385982899
875919;772796;0.0
632109;364227;1931.5966310356023
773773;885751;0.0
956839;11502;1733.5540596214375
301337;361613;1389.964249737754
675367;969697;2844.634301248145
145284;379168;460.62357192446296
858239;222168;111.38456882672449
102809;132768;142.33687471523123
136343;707607;707.1283901012191
873129;720021;739.3052723428473
743325;166932;959.4870637545066
344387;322436;1176.7326121200308
280445;361613;1752.0941719590446
83556;175115;980.8675930678392
220518;362489;120.76042036955937
185706;944806;200.09556339092595
750533;768391;801.4067256588125
834971;733338;177.34319732070077
107122;33540;0.0
757708;828986;100.88048980668137
879323;417999;608.7201855281521
185706;85370;714.504189719657
387838;358492;1043.5454509811295
152481;421381;0.0
435311;530632;75.91291561371833
385467;890771;130.81354604288006
890152;64135;1019.7044464746072
909244;838276;154.6892380061977
749597;811014;2391.934906483477
833025;299199;486.837249957472
515608;701088;478.97457108104453
194857;449050;717.6241210446435
617795;481574;2591.2372194166633
584862;681692;1286.0387705882747
890236;912312;1196.5943740754083
749597;311506;2034.068481775215
217484;121800;876.6857775505748
546836;68758;0.0
615851;720245;405.77685202372606
202173;341932;394.92507750797574
547245;337273;837.6864085179207
130948;648801;446.31118810493706
24807;494777;0.0
819064;22989;2039.5282258807924
499564;706119;791.1966399634962
310461;531167;5325.884929485508
676547;982698;0.0
405415;352427;1944.4104841940664
625230;99737;419.8237041788632
308469;510343;380.41316005251196
609299;203088;772.0801277438121
51230;817206;268.8647255206764
227356;361613;1443.8354464499562
824555;639983;682.2259160829053
933875;807942;635.4611637529486
208237;172260;951.6069386299303
782910;855224;0.0
510562;22989;243.24543364536555
917325;768391;49.66477378788274
425517;508949;830.4032312887622
223302;513102;0.0
233229;543648;1094.515807226743
307077;222168;144.04020327434773
958627;890120;0.0
889399;461185;1142.2555581625581
749499;767751;0.0
46049;789786;1350.1883689278663
137040;720021;4345.545638730418
88225;626986;525.0291654241348
788474;207572;46.44386580973392
120748;944806;118.49543087067289
455432;280800;427.4096070247433
798629;501406;1680.9031250193184
856725;505424;641.596093936158
694461;365434;0.0
569729;947182;636.7651220244607
444135;337273;1260.4923389635396
619849;915961;0.0
377319;944806;59.40928247570642
550427;720021;1158.57323270731
51230;853711;1893.2686258819415
374572;656648;0.0
12180;34924;0.0
150265;660174;523.273088638475
227443;166845;1533.0398592352165
314004;332403;52.68381567990062
135153;493058;0.0
91355;71619;642.7016463565631
301186;361613;3580.3574645356293
195691;853711;1469.1247762721878
174752;969697;3016.242995198912
336630;717014;101.72573874990553
191061;896897;0.0
602086;955087;553.2537878352539
992466;610392;0.0
633398;959822;295.49608082483235
655693;419839;496.06612321263043
572310;467336;2120.0850069725616
993698;845427;719.8781548665626
12778;508949;0.0
370851;81586;859.4916834588234
568086;733553;807.3744992748713
101403;810856;648.2090811330226
400288;127368;747.400077466031
202214;176088;3071.67893261362
106743;272463;1371.617233246564
117383;426319;131.72396330609146
804132;163987;142.6299849278899
233136;745054;1347.5355309193499
103719;595651;1705.9463658773013
857999;205688;882.3191885377262
522992;285685;352.72191462055895
830138;467336;2670.882794066277
387451;950993;789.1346993358234
992466;19394;0.0
593103;427016;300.3648675464978
784715;662929;1614.7663011682425
125115;357060;115.20171478915611
523601;327235;1611.6070272883937
249667;98678;1592.7700649131425
908195;158535;641.4360462691992
179421;683627;3196.6314408854396
725592;313536;31.3216125700513
235413;59550;2367.494095898859
385510;560212;3933.8063373305804
495692;139045;186.5000441708452
271278;490812;159.74197876765572
887200;429815;4526.523039631151
169645;343176;0.0
983674;414172;375.3301565750651
889399;111351;1248.7904084875765
729972;361613;2443.1904875989003
980347;197651;1963.6750215131383
213860;356630;0.0
685438;918042;5810.4662213019965
173042;466431;1027.8129215549352
454428;354754;188.7231670950748
385467;298381;235.1446811637578
590674;760269;0.0
567216;772796;82.16423410097485
40413;313852;821.8048461949942
279138;337610;127.26674979610229
135153;853711;1709.376598520696
143176;878826;536.849026235752
871393;918042;3789.1150197233655
25383;765421;277.8940102877499
779448;467336;2045.8426815071778
113887;831838;3623.0290227928676
70420;417921;236.2407210957411
154186;719321;0.0
583085;419839;1024.246136535594
179421;325135;1716.0999314831852
872280;203088;1904.6595385958772
753692;660124;640.9638278088364
544870;298381;1150.7734545659673
326381;21244;723.7818374754387
212644;865987;672.570237979333
398903;628744;1838.9499198414433
939109;375031;471.0962259988244
435858;244124;527.3105709331979
915822;610392;1547.1412731757387
617866;740537;0.0
24901;172767;0.0
472016;158396;614.9575259512874
117648;85370;1798.800478741477
956139;161470;1172.5915954572433
101403;634974;368.68856675823986
921349;600576;136.8912296801136
784623;219307;888.80976399761
909244;166703;0.0
662690;880536;7867.682342044502
275713;974957;55.294744476562315
674371;865987;326.386518725988
550465;30048;0.0
987042;956375;2494.3332416736416
994374;563793;0.0
264895;230551;17.870075648484743
132271;873407;540.1635688747709
497095;175115;130.19475158182257
663510;324722;0.0
504078;712748;1233.8514190943492
166107;404332;0.0
580347;467336;3752.582374459418
349749;120514;155.344667302074
314971;121308;2802.4149129622037
607890;843062;0.0
738689;695522;5.098821395963512
88833;369424;778.8340483488801
927331;81586;2441.0383364259856
701078;676985;282.47934809737677
798629;720245;2541.5242623606255
98220;940359;0.0
12494;169708;431.2581448804637
890236;930630;486.3035837542835
14468;675314;0.0
92970;697735;1884.4847783755802
830138;442180;1207.1398127726652
705632;569289;0.0
857999;569772;635.080027561335
534751;853711;1877.9777633478745
506480;247498;1425.722613545809
322877;371227;0.0
235452;359220;347.487045640465
132271;138281;448.8658042761811
134594;46696;990.2922629036962
441435;682351;4409.14512357856
558817;528099;700.5032480463802
15762;189673;153.73680477907965
687155;823729;1185.2987866984208
531278;830826;0.0
145284;790991;0.0
954515;845658;2675.500680171095
178036;181501;2011.6560688508062
995474;843062;1052.1493004985236
778023;882140;288.1361746012732
700784;606225;3464.29719967967
665381;737971;45.32898774132639
541390;134783;198.7014033219512
198793;322436;2.338790127857962
326381;610392;601.9581585222915
770147;133305;0.0
933424;780093;0.0
886557;395742;4235.3565892357865
402936;913129;986.7494800736063
189623;467096;419.7915948925382
74017;482465;266.26321544372354
71369;728573;548.2337386174244
991436;916093;4217.496209359821
583351;161791;1387.1232953143603
46049;956375;3240.673957990737
613750;513382;178.92654456318755
527585;154970;337.91854060613156
770147;842353;273.5549456208739
951876;211286;57.40317611042549
959850;580997;426.78681183035894
837400;809762;177.11486077227437
798629;124092;3250.652161365194
508580;442180;652.1819637832299
225106;589953;40.459404398679766
875987;161791;1853.216743848824
144771;181501;182.71757780165106
476123;197587;0.0
872098;173540;638.8179849600688
821622;991841;3070.7011130116007
153473;11502;1255.3615795624642
819316;923116;829.2123955964457
485420;653526;4465.699124813855
749597;968423;2304.829818766988
589816;166845;0.0
88536;90870;147.32207225376425
492335;313852;2521.940758891312
764100;66853;15.186053104604003
421038;6139;335.2212520620665
965592;835492;673.4529375526001
909173;576534;353.8498061093592
836445;714905;1423.7917309895602
72444;119506;152.5484568057693
454933;19394;746.774664892787
498989;158427;653.1393792766146
918090;720245;247.93923544037932
855085;644221;838.2858814479142
875987;755701;274.88764065148456
425517;419839;1086.9152843803201
160199;671635;229.34684670080267
590674;239589;0.0
399905;133019;0.0
699658;178147;549.7757232456429
599046;825117;105.54196212954668
263144;558834;455.2489571777837
940375;359220;721.6326608534943
499932;865987;558.827972456563
457220;984203;2104.1966057657564
352318;827034;0.0
292139;327235;761.7515568396942
718042;918042;3833.347091538449
652344;412048;556.4884961463514
539688;716602;1390.4922154183052
569192;657582;343.02380883926423
589614;776827;505.4465294965401
792900;550395;726.7800852277843
653180;342381;109.99346998264974
904490;134783;606.8332985137122
55408;538378;3750.0762435730403
220422;837187;188.18990079340875
709535;950005;0.0
417037;392334;525.3321455797937
88536;742056;104.19366202074268
12180;600576;208.71080142306164
264058;740213;315.77468144164266
23921;689022;1335.7661336595982
339740;885378;234.7755711469398
594395;134783;1.4640257885465076
748640;92270;3901.1625171028377
517910;209750;258.73660519091584
446114;181501;662.8579890020607
705897;430960;634.9132423224918
67558;395742;6098.621494444253
439346;343176;507.2827105745382
828331;161791;1715.4909518871573
892491;200991;361.7734230565595
931169;298381;1374.8786102760268
189623;640865;368.4996680922638
397925;404332;206.24836595925825
956839;731646;854.2970899373643
36970;660174;699.9788983906849
106422;559634;318.17829438308956
141927;618578;529.04617163252
391289;955087;404.631381276814
263666;689582;0.0
12180;600576;208.71080142306164
489729;850645;68.79805544199081
789805;652478;272.0131778292527
491298;279434;85.59345619636912
572442;337273;791.9282510221681
117648;660710;1355.766274102033
280989;414172;0.0
328887;90870;0.0
317525;132660;20.85024080025454
322417;935585;1702.497534576452
85151;785196;0.0
38878;918042;4354.452349518737
731718;232504;873.2652569436951
607020;107692;341.6389292606312
403396;618578;0.0
920883;354754;139.3470700760452
98940;366435;830.0290137625275
229536;212366;649.2563542571068
12778;975724;90.61594862653556
509937;998913;132.75123995289397
784616;3894;458.8997003372737
877276;668467;0.0
784623;352427;1126.4996501438527
632522;742092;520.2770760662461
400288;222168;752.040388796156
382421;209750;788.2825366432497
669256;442208;2549.1755844590225
805478;683627;2745.4792613890922
199575;850645;1462.831291165961
429368;212366;30.236878658415264
502855;853711;2920.7216969261217
679107;384028;0.0
55053;895595;28.331945040660173
675367;361613;995.3531659866275
672075;429117;2810.1937805175985
790888;168040;3467.731037882526
927331;109628;1787.3718084246275
654489;202503;412.5602319012188
139237;354754;0.0
152478;203996;40.3155622892405
259799;710003;584.9856497500268
8900;964047;34.251522051164784
920883;660174;508.00188512957493
55408;682351;7779.512718028967
314971;720245;3192.3851865898746
270111;415782;711.3403375428721
705632;569289;0.0
118488;752391;0.0
185660;866793;1037.0031928073918
72444;890120;0.0
30144;712748;1072.234541474449
266071;28920;0.0
984969;252161;0.0
40167;311561;1207.217307318246
173042;601908;1034.5473001701343
102901;543819;291.8407812205126
390708;845427;212.5087804809807
30727;20945;877.7318067822329
143176;78544;1533.9439815131864
709789;958530;1382.5932373809746
160199;390190;158.97503317741112
960206;85370;564.6009010967147
161042;962732;1633.608835463689
402769;926341;269.9274092671382
202335;617660;2690.670599667844
642482;246334;640.7797686826373
519266;63682;4450.078701685425
312559;913809;283.8789112257473
238972;950081;231.56945812842332
325302;155818;1332.8004249614178
267531;964047;605.0845965307776
508406;312649;775.9792576661689
960206;745054;0.0
994931;814246;0.0
820860;839911;374.0068185106572
32806;940359;1020.900677545181
424504;546334;834.9998837757436
314004;442180;501.53883333630176
837172;442208;3550.1678926522536
393604;453204;165.7527150040023
224720;95297;1910.9034556998458
695893;670344;1434.3187475318705
393955;85370;958.2733404962145
367242;431125;52.50731832718473
711400;887902;944.6405710455987
484907;265980;0.0
646566;64135;1395.0191958671114
102625;24488;4032.4614302579157
888088;676985;133.0432722247412
681518;821099;580.7299897005006
749499;230551;197.7635528513027
728367;322436;0.0
787676;672235;0.0
978528;429117;1189.0889861069622
677025;508949;0.0
91756;785679;613.9098687571951
549525;853711;1850.6737012380781
787417;359964;1006.6393544761473
923619;270910;675.3777120749252
400867;528099;482.4449242342831
737755;957839;0.0
74425;589532;1231.5984319681581
568086;936020;0.0
890113;853711;1160.7457436224909
235170;569118;1.499931839417826
536265;528099;163.5400212351252
530390;866793;482.83444685982
977079;313852;665.2136170723054
389769;875119;368.6189469479088
428998;49726;518.2851776338173
97664;821099;588.967076236796
575204;252161;0.0
699658;528099;944.5762397792294
791435;70231;0.0
846009;85370;585.7270144314305
721150;676985;397.32661589964135
275713;111351;0.0
194857;412048;1235.614428301317
170550;402992;1417.4443901748893
723044;417293;1527.6045999650923
754834;244124;351.3678446487554
822352;199701;656.9596939952767
235170;352075;0.0
177443;964047;323.53222086504957
969286;64135;1763.6050517054994
987325;181501;4018.2957307278184
617846;828819;3377.7456833912343
33121;80605;537.70760306768
956839;11502;1733.5540596214375
367802;265964;759.3616974610165
888088;404921;0.0
520893;384028;0.0
809698;442180;782.5095507831556
165614;175115;41.91848099377256
736141;831838;278.6314229720451
96798;807942;0.0
973459;352427;1211.1985667152167
237425;157172;317.0435189373111
809388;49317;575.3292791098083
545414;498393;306.0454840344787
208084;477242;277.2325210933931
994374;701088;176.15888933667264
572310;442180;656.3420256789503
640518;59550;1458.38174829109
83635;637840;729.4865885109755
144562;173540;1371.5410780627847
776400;378771;303.85907858545954
16583;528099;591.1116938136672
190904;268162;0.0
893916;124092;976.0182207616512
179421;926341;1540.6874135424564
701078;110225;101.13120058812447
202247;467336;5859.6080014595445
930675;133019;10.1870225050316
852394;85370;2208.9647440967883
177443;746858;311.12078642046316
562020;530577;1360.6619854966048
197033;748799;2027.872655437731
82245;853711;1414.698161699433
500846;359220;227.55122602098564
413789;325135;409.14246777183774
879323;989717;3639.5442271162733
202214;779403;3431.5944015432706
130226;617660;2225.843843372584
271278;15238;415.8578683951888
994557;134783;360.15719881075813
227443;120514;1556.1432339679575
85436;166932;115.05707581511086
430771;40691;1400.383687648051
800567;313852;1855.401203902535
594595;272463;2255.4899122681
602238;838905;1535.634871432839
808515;706119;832.0727524783031
412878;311506;0.0
187384;698235;0.0
356813;25918;6826.940094383611
984969;80605;0.0
416960;252161;0.0
40413;419839;796.2189157075587
502855;936020;1021.5758349782751
844831;34924;986.1517050212276
949563;879164;520.524001295134
50105;543648;408.8368756272434
152481;610392;0.0
434435;785196;0.0
33464;845427;174.6372597761099
948668;30376;0.0
778579;957303;202.43789367580945
961715;161791;1444.1359374651474
873523;352427;321.47653299296024
578024;353431;229.14637973871092
304321;853711;1623.0864030141001
791435;103828;17.822439208223216
417654;64135;1392.1027281490599
749492;64135;941.1854202990763
185706;124806;0.0
350827;277274;0.0
51230;634974;183.89385061521494
399905;203088;1174.2015270067204
857999;404332;693.3931737178416
33464;303562;115.46112810582136
184614;977586;606.747340770796
973459;166845;1068.0093469740611
377658;668467;0.0
704863;578968;179.50159974369245
633359;880878;435.91136394791783
235413;209750;2746.9620565183923
465371;372684;325.00601870364176
98667;207572;216.56734240994584
619079;158396;5836.615378526506
233229;768391;749.9965209683148
845529;63682;3624.650492127079
322585;693469;554.3989543060964
277054;405050;115.39631994003287
88833;744225;739.4386928488198
46456;914322;86.99433510279357
15762;668467;0.0
647391;657859;847.1977508035484
239727;683627;2425.0194746422208
501468;879164;354.10252168787883
642482;209007;880.898670915002
3028;209750;821.52931679764
212710;90870;0.0
472016;28920;512.5834504760571
166292;530577;1046.8755033715556
633359;191894;395.92283615629606
277054;133019;0.0
835622;197587;0.0
423178;667537;141.58752886251753
259639;974267;0.0
845634;419839;393.87648585877804
792165;134783;0.0
789430;155818;0.0
277054;343176;0.0
214829;191894;424.19879224115255
540926;279434;1385.7259114517435
857941;706119;485.71445340339113
764096;821099;726.4228720199698
834971;733338;177.34319732070077
14468;675314;0.0
912908;493058;284.0942011684913
853921;172260;933.5544974108225
164135;337273;1686.509917479897
469062;129281;32.92547912594546
416960;166932;235.54968354651402
45937;904169;415.11616568715175
834376;169708;1639.7394317673707
909173;175115;975.2784896143667
920883;660174;508.00188512957493
965592;930577;0.0
406426;950993;0.0
103910;7391;0.0
730687;133305;0.0
629573;116583;541.4114033540191
277054;956375;2184.93447509521
803618;927649;681.1802316435374
275753;390190;0.0
680728;71619;491.1523943957893
676545;419839;998.8712265759339
821622;665171;3199.876147669422
342670;947232;1663.6917278833403
494923;282435;1924.3447219661832
6135;493058;0.0
931169;473976;861.3394917097221
655693;85370;864.3893432703495
492472;64135;1067.5611035305924
364034;842353;491.3657432714799
25155;645622;0.0
677058;720245;3010.707448873884
422091;112277;480.47482278092053
170550;302845;1242.2167455096646
402769;175115;598.1963947998042
454897;516667;230.5682065796437
824555;28920;552.4664412549386
971793;765004;32.81728010185839
292771;124092;1181.1322144578003
103538;357600;551.3182478201429
124877;440242;0.0
706244;614148;549.2624186915791
88225;361613;1698.5469707909865
699074;541838;45.75480499647631
459393;251377;0.0
607890;95297;1444.8735654580032
369563;839911;0.0
421565;134783;421.791369826233
72738;9090;0.0
396793;169708;352.0200352270379
594595;442180;1425.3181468588486
971793;810277;344.0488212110571
445584;124092;1651.1859842125734
189623;442208;2290.9104983115662
617795;830738;710.6515612263624
896821;576534;520.3392779041966
743325;671604;974.9695409775297
960206;357600;0.0
49050;64135;1400.6287106366094
141927;618578;529.04617163252
966008;5626;2770.544486855497
269980;674187;407.5059155632894
402769;85370;910.8244608132851
370851;943498;163.6000327783246
625230;676985;443.5489486371102
995957;853711;1566.0423346656544
539688;707607;2463.466564300832
155813;866793;6906.511379206395
144562;158396;1236.155586134964
50241;608480;728.5347746419076
504523;342381;139.4382152528662
757732;337273;2631.1398869168884
548221;282435;1779.153311454577
951876;693469;850.9658143426213
287882;955087;743.6727752897996
890152;879164;555.520158490049
320710;322141;732.1201407933589
638857;369725;486.6923018327322
546836;218845;0.0
502818;660918;1099.4269295862644
725812;753436;2274.62039803296
865119;332403;1093.6937058698197
568086;532822;0.0
620868;433133;2300.9048965846314
132031;555325;1225.501353470847
778959;332403;0.0
33464;750287;31.37878235592116
382421;270910;211.79335284950176
638857;845427;577.3459114955334
687155;158396;968.4646261683065
252634;21244;1643.4022838259284
259639;503267;0.0
663510;676985;531.7280460057541
854305;303562;24.617209823492686
30564;812449;119.30304599754615
249741;683627;7190.18935891617
204172;347465;799.2893176665739
91419;208721;677.0803622159774
749492;158396;176.65004470909832
713644;175115;562.1646365344702
196165;358492;339.52897149012256
411790;220331;0.0
929711;337273;2322.9344187742167
484907;134783;5.989928266001186
568086;576534;0.0
889517;516044;234.20357359948719
559248;429117;406.93104314546366
497387;807942;448.30147462046926
341782;633474;1894.005411771408
294105;546334;858.3450163787253
651183;974267;3376.14697306147
983674;196949;1095.539710133875
10146;644221;374.7979320864704
835455;618674;310.5211384172627
459818;652478;66.88979241045473
751455;712748;540.9431782904479
269328;567422;0.0
499932;892846;884.6884091699212
179421;442208;3454.849012546394
758559;516667;181.33127181467108
742254;208721;363.21216262388333
522992;830738;423.5098543325895
518921;962732;1205.7955236894895
593103;765421;0.0
85752;577053;314.9602748566301
149654;550395;925.38871620679
965700;475471;0.0
84439;530632;1036.2102616131663
663510;528099;690.0892419292824
888300;923116;801.8729495833871
648669;660918;0.0
685892;442180;467.7703078580315
877034;263311;182.60151292101432
196145;442180;843.8677909002281
165117;520816;305.48665656791337
166694;407954;151.84305367581518
709789;124092;2205.9017675530486
452902;442208;1733.016756465784
49766;880536;272.00835980464615
90694;978372;0.0
582638;978372;570.5694781921992
548221;155818;687.912965209701
3859;107692;154.28771330659157
33464;71619;133.9395438507832
460157;64135;1554.306226289515
239727;567422;703.0480369927093
253537;936020;0.0
567216;306419;238.32128843463056
807227;15238;6136.433571691295
614445;731343;1098.4415192265737
690769;172260;522.3923186308805
541424;465904;864.721161355113
677984;222168;75.65762582721311
103910;858686;0.0
617866;175115;0.0
278830;449058;56.4903076425272
711678;610392;1296.2515235877356
541424;950993;696.2051779797405
552585;998913;0.0
59627;322141;485.2744674259618
821622;695522;3422.157845889055
470255;510309;0.0
514757;90870;495.7428668513618
945089;634962;5.639130549984216
184614;297030;348.5311226187734
713609;62959;539.1308898763727
856725;134783;602.8452241739806
914075;205688;129.7347044379449
826214;701088;1032.1167518957334
52457;175115;915.8221819316102
952776;361613;1635.6248568613541
433030;54879;120.42384777421961
583366;24488;1775.363458235331
528461;866793;925.2955097275776
364034;841918;664.9225806730024
296676;163987;498.3806997266905
142118;24488;4116.931447376217
180375;122935;2385.432472801345
588774;880878;559.4419229281442
13163;668467;0.0
399905;103828;305.4737270501724
319372;397791;2816.849324537509
687507;359964;0.0
763494;142649;795.859173616932
208084;285685;433.0255298496534
258017;442180;670.5978914853719
803618;668467;1326.4473632615263
275579;62959;1843.8890299536413
968045;332403;728.5527203476096
483556;805598;1162.6679825579517
779448;637840;448.70070662326754
145308;516044;2580.4733350050137
939428;18383;974.9393956473012
252585;194983;563.2778747153588
305246;156463;838.7004367090062
803618;429815;2408.60870230083
725592;710003;291.70916030852396
339202;737971;186.133203927694
235126;322436;463.89382940880114
28913;13960;212.0158911461609
364412;681692;787.8466785599053
653180;176088;0.0
994374;412048;358.32571415094696
878123;955087;0.0
617317;203088;1096.7672051933318
553396;490812;200.6319615687247
469487;361613;1725.2508229716884
67558;307791;6470.284903331624
278374;876369;0.0
700784;461718;3298.7847312633307
623472;175115;613.4303031673019
320710;266291;0.0
702370;940359;669.3031404944412
834971;309284;3.0332708170572857
962823;272463;1609.5430941190725
142105;619680;513.4701986527092
100501;807574;627.9066050795391
18043;858686;0.0
294105;923116;885.7172962690295
87420;720245;364.8909520998701
499932;955087;774.7996609339937
940285;172260;1925.3391290182979
789805;577053;283.267024425988
134594;964047;1522.281430843026
500189;389719;631.0282598676185
526882;878826;355.46956647381916
640827;21244;909.3138865101625
580763;259282;632.3094415268656
926638;359220;10665.778735746853
807227;67592;5281.068164280977
280445;203088;1662.653135566491
724664;25918;530.2084034333751
106422;349340;74.37162390781043
224720;282435;1467.3444371011383
18043;156463;0.0
308469;539831;484.4380885506389
523601;203996;933.8881972967723
783758;545918;770.8438332516548
212710;97764;0.0
731718;760269;853.0249267875284
736141;62959;362.7290150895123
694461;365434;0.0
235170;421331;0.0
236412;173540;618.1362941087189
772279;71619;1710.6605663636694
914075;110225;57.78906141656947
5795;268232;628.1862196848817
68228;481574;2140.698134791458
17887;15238;26.689329250515584
469215;194983;956.0213648586496
862531;397791;649.1200824650334
680731;161791;1848.3636297453525
177443;203088;1344.341533992911
503376;843807;0.0
933875;614148;1379.556671303006
241456;13960;511.25505693639195
239727;168040;2162.0036176186372
902967;323714;300.1972748370607
960230;680503;471.69816601069033
760280;166932;2648.1842982347216
900354;33540;79.4453005397552
984969;76710;0.0
387838;765421;614.5297280941968
225106;567422;0.0
405415;199666;1722.726073494832
415685;289302;2199.5103650865894
802814;528099;1283.7565153083083
873017;361613;1522.2741453541512
718042;134783;155.22034500566446
190904;384028;0.0
351902;175115;460.20127446056193
974428;107765;146.58862333191655
9421;861245;271.56987550608926
32806;427016;1262.1875671134783
52457;219307;514.3919618324314
637061;354754;0.0
767243;810856;660.6812094489566
220422;885751;0.0
93095;217900;223.1605530043662
213799;211286;238.48213060634265
505547;837412;936.5175158872669
729324;528099;763.1995210717653
539688;918042;5265.720788387646
835622;695522;0.0
519934;429815;547.3840045386992
52933;217961;797.537955751977
395918;792241;57.81992285890081
360936;354754;0.0
846666;614148;146.5979763291399
452902;404332;0.0
517362;707607;1403.9324398560136
891512;244124;1333.6497346233157
862066;853711;1629.5119329707063
461869;701088;89.66200861857186
606750;384028;598.6939482513291
485327;841918;658.9785987410007
50241;431125;0.0
383577;617660;1644.2462645364226
38683;43041;1123.7264001870567
593162;453204;579.5420710224051
90694;219307;0.0
726374;254605;256.823656803037
983433;467336;2291.383165124054
831804;444328;352.0058915186347
833800;359220;38.90160374042105
402936;617660;2756.9648893462067
87420;720245;364.8909520998701
898415;22989;108.96241058608302
983979;614148;796.2319773245268
804583;143052;593.9774913578011
916590;250431;0.0
782910;134242;207.70941654593815
472734;453204;1140.668035343368
72444;324722;0.0
614445;693469;1443.2008813376742
943078;266516;292.46530038249045
980347;945506;1722.6146049135157
257737;828986;0.0
984969;62959;0.0
336630;7391;0.0
943753;701088;628.3184662849367
240589;134783;1202.905385479624
68739;178147;246.3213533938947
933875;821099;1450.6894913266851
639932;175115;164.21873473399984
394479;442180;927.029203557122
462373;407954;237.60257043453097
909495;617660;1406.6570159671978
949563;731343;493.01155281072727
377863;762154;626.1172954364482
385467;38684;0.0
170321;608480;1005.2745479451532
900354;926341;321.7403236526648
778959;712748;345.3481676721549
560178;282435;4370.667185156237
820777;878826;583.5068392388293
960673;265964;721.53030439988
886454;812449;205.1049818800013
562020;965622;962.1182602095473
377319;419839;205.4946887467184
675367;366172;0.0
387838;567422;579.595613245515
767217;113347;3846.290759920291
560009;706932;0.0
654187;950005;491.29384706844723
290643;416657;775.5496862817179
386404;853711;1610.9124031796214
55053;975724;156.3308858018038
365616;212366;287.17951882626795
640322;737971;523.5921491634067
573417;789786;2621.018919317223
709789;569289;1054.6124458403976
946410;926341;33.394633227634074
229999;322141;721.4487189084027
940375;689582;473.42149598263626
198599;306419;857.2648634003588
981277;530632;168.62091228398828
36420;349340;0.0
24901;352427;0.0
409386;181501;3695.9378467444817
412878;930630;0.0
112134;289302;2014.8886257350518
675367;156463;0.0
975124;46820;1010.5483515029559
216482;631627;1093.63835801101
144562;577053;1511.3758827086665
254511;828986;507.5185026348961
960230;138281;282.2441392779845
380320;930577;3.879732370047776
213860;579967;108.59941921248623
383236;914322;0.0
905328;544583;664.8945064091405
21793;54879;723.0334902907732
322250;149616;1389.3305004971028
798855;297030;321.5893570762642
835622;138281;0.0
393955;978372;230.48937617888683
865822;417921;619.3981904681037
616467;516044;0.0
703680;46897;486.587216740001
550465;453204;230.591162631339
654489;357600;588.8242937040852
991074;853711;1508.1563233552201
632109;268162;1760.5723452675516
596439;737971;319.5784930262239
865119;689022;2262.64087666611
253537;947232;0.0
83635;59550;543.6338036689656
769063;834789;147.99145815828226
517362;342381;764.4386451196899
49766;64135;862.8188766860048
980278;85370;534.8194359070357
511970;722609;0.0
24356;11502;1805.552624086769
368452;810856;913.423436832066
656073;580997;2011.6429433861047
310461;589532;2527.851883005746
367563;659843;87.80143534379425
391289;285685;136.31274231090265
976972;303562;445.5960920082206
510457;175115;1419.5110464478175
376613;384028;1949.2475178449195
789430;785196;0.0
226076;407444;1803.7465537475118
755948;561941;0.0
511164;467336;3352.31220211859
151062;720021;97.77734779480016
170321;166932;414.7560604284832
508816;683627;28922.975806234157
738689;892846;226.4869744721534
144771;244124;627.934459698597
881238;176088;0.0
803238;977784;301.27598977472917
539688;63682;2500.8685249575624
680396;219307;17.523323525075725
930068;882140;438.7639475218566
212644;432427;523.0472196134086
900354;419839;594.3141551410927
639932;845427;0.0
216482;39515;885.0217114616721
550269;181501;0.0
132590;543819;170.2525329212636
481517;516044;398.17313094705133
798855;866793;344.42120340101576
75683;24488;2043.1801389471216
135234;898797;1093.898854532351
12778;577464;480.4633436662939
727821;356630;0.0
469215;107692;764.8307892753515
820860;598237;467.51528261956594
142230;837094;7954.579791029755
715340;735702;63.72434962151456
39732;944806;3277.547718276141
681518;843807;0.0
277770;714905;364.3366137272727
396606;24488;1694.7628318985594
834376;133019;1438.0657231281414
504523;453204;184.1858796136761
544870;912372;969.5755341899057
828735;501406;0.0
196095;662929;278.32401602840775
342670;577053;2061.9594746169787
560009;825117;57.16711983793954
101403;714905;522.3342959360707
892315;176088;78.53529022177038
951876;784421;359.3305554655169
909244;209750;779.6307169219551
900119;85370;287.530164038783
584862;158396;503.5974659774702
687395;524197;0.0
609299;942223;0.0
249741;546334;6169.50618764457
32806;539609;511.6887179510521
978528;683627;2855.5472067901637
459818;66853;0.0
837613;465904;42.89732795516218
749499;639983;259.9892358250096
950407;656648;0.0
735011;64135;1271.0065433228663
779381;467336;2091.978579389088
647391;795954;794.5592032234732
293697;68618;2040.3288784610181
584862;809762;309.29563977302627
984356;885763;733.3577767763303
786116;175115;2776.7212766195
103538;298381;843.4474016637066
72474;259282;261.8440993058329
500189;902478;878.4376087554251
229536;107765;835.9799076224765
226089;508949;217.93880533211316
725812;972871;2107.1734502384156
767217;175115;4315.512351692138
968045;442180;1177.4077380040108
444135;181501;287.27433614089045
633359;301921;484.62911008049645
634006;156463;1055.549083098497
520152;322436;33.773996360103794
275713;493058;0.0
879323;945506;236.18599459522716
275579;828007;1447.3623771322527
607020;178147;230.64021994064638
322250;772796;1302.0339384979807
492335;539609;1753.887181865667
226184;347465;0.0
898415;389719;247.6874679098876
105101;246334;545.6317595837252
204933;161470;1241.0936626218827
939238;603814;0.0
68690;683627;2241.686444460725
133694;88581;476.6273507862272
316303;285685;239.38826795137322
87420;257446;0.0
136343;2864;0.0
402769;697735;882.4379399600112
953413;247498;37.13194032852704
627954;203088;732.3668729365812
856942;30048;260.17211146345085
931636;546334;2145.180148631314
711678;337273;2298.876817791793
441435;311506;0.0
475415;73778;494.6971286972939
858239;39515;0.0
881980;369424;689.5635475282329
567216;430087;266.75010005982364
596916;168040;1342.8798101870098
18043;712748;458.77308599099786
525419;493058;45.092734846857695
110476;506071;263.5824698274738
991074;193572;0.0
278374;94700;0.0
308469;943114;553.930844360923
555524;665463;1787.4069967483172
878123;508949;0.0
285752;158396;107.67916994410632
462373;155818;438.383553055873
809388;880536;155.50259719641667
513869;731646;163.96570689158733
377658;689582;0.0
864274;417999;704.0202222548576
351038;682351;4392.807799361279
67558;957839;6453.824237358151
968045;429815;1410.174531922692
830138;807942;532.0404242330683
824555;622212;457.3129720173464
21488;332403;378.8615616117853
601148;671604;356.8088881103879
140616;528099;613.1395707617042
183697;161791;2844.6757622018595
200909;728573;313.38404968111
932825;776827;934.156975913557
443018;652478;812.06234228107
698431;323363;1574.4063935588683
147687;894544;320.41479514743673
304970;618507;3851.022050686152
891512;543648;1307.0367746743734
825437;561824;23.33407961615208
534751;515741;477.5902518972173
964784;231924;472.49100845090913
411817;398431;724.1680148713693
1539;341932;1823.808946479157
600619;799335;0.0
183735;974957;430.4343361083707
519266;831838;3577.515506340893
459124;698235;0.0
653727;788259;610.8905264849848
114939;289302;1463.2174831009108
219737;733338;350.0594411400142
584862;901795;505.675271866045
983433;505424;370.2324456302398
138166;684955;2679.4224912315367
583328;880878;744.5347260781995
555976;361613;1519.258701958659
749597;311506;2034.068481775215
456045;111351;0.0
363327;481574;1922.500396737309
396793;30048;286.5862890051825
540742;361613;1935.6387496330613
902967;501522;0.0
255026;132660;233.14868314795575
33121;80605;537.70760306768
328648;173210;537.7617191252206
607020;449050;203.3016983275649
68228;268162;1.7747806323227593
358531;890120;992.1145835827082
788474;276204;105.81093436667712
596456;665463;2340.323021356521
500785;539831;0.0
307077;853711;1581.6184577348713
897590;878826;1413.9889810819523
290858;343176;811.3363500732597
200909;830738;487.2958057735911
656056;941421;2105.7845133439146
100501;785400;1502.1582044193342
738728;498393;3471.0099523622357
640827;301921;1202.152111973986
5334;325135;131.71996104428143
149710;46897;416.9326777903801
237818;736860;756.6717731021347
26577;228054;0.0
749519;168040;1427.4728496766197
826268;426874;401.9792932558222
455432;866793;475.7667412576809
235452;196581;873.9452267726997
494923;467336;2652.639332994452
406426;289302;1250.374454395338
856942;708270;574.5587803381466
873129;13960;411.5342950847749
956139;134783;0.0
677984;124092;1059.6266512687666
748398;325011;0.0
606750;634974;538.3080781116677
665381;417921;237.70288356254895
751455;272463;1254.6770191989592
73080;765004;790.0068702084812
98012;498393;559.8642615713984
455432;720245;870.2138157714318
303118;308431;0.0
60438;464465;1543.0197033168392
502855;48739;1351.1187256634664
681584;322141;139.32326513065422
662690;425848;7442.443000933348
742254;681692;919.1683028749753
302297;799263;151.94793829129412
164135;76710;966.8578753882148
295548;62959;0.0
49050;121800;923.2117869017261
46049;546613;697.4798115574881
330908;429117;52.112811155444845
200909;546334;1065.2136529070458
801034;581871;208.97673811194022
716303;950993;68.94817141425045
751813;337273;1367.8899067257082
790396;742056;0.0
192054;429117;701.587198706495
626453;368515;4682.9131794198465
288324;558292;761.0141853780093
584565;652478;1005.624504265046
198812;289302;1273.7835332864872
363327;343176;0.0
176789;753400;0.0
379529;48739;0.0
529359;95297;1768.6243026636625
951876;543819;317.39766502342724
428286;59550;825.4223396502059
952776;662929;775.9473271816637
444135;353431;528.8368260656355
888338;964047;2621.638723383989
30727;217762;969.4214294184233
691588;427016;273.03736995388437
655693;849673;416.2295080899454
263244;826122;675.3862133810392
119426;853711;5726.36674732921
912908;676985;871.0222646246884
812593;235165;296.7557316314125
40056;158427;746.0405261208712
303215;998913;773.8657416223709
195074;419839;0.0
871393;203088;1194.910928741334
406426;64135;823.6709148032937
527585;352427;520.5990197379955
468051;693469;1089.3220751962263
299012;79564;397.7761452968373
826214;845658;793.3214097105365
771079;880536;0.0
501724;430087;129.18367441947277
522694;516044;3282.1024909139414
766406;956375;2259.348118316623
652162;731343;555.720110889683
42287;59550;104.16372289363954
723328;257446;0.0
521751;417021;0.0
356813;565101;6793.878924226924
711678;707607;2302.385910355567
843911;337273;577.1047860053002
65347;998913;198.3044045820397
768985;85370;739.6918928614193
927322;397791;1846.7678182559885
514757;172260;904.3907030393605
904490;85370;1291.0356472938781
29341;850645;2192.397908125284
255026;880878;425.84462366761034
189623;206481;373.3024548358935
783758;870565;502.1325754951401
146170;404332;2206.1270452308445
492335;530632;2374.07806758677
151121;494777;0.0
718042;282435;1386.8273232333872
198916;175115;268.570916899269
731718;68618;1339.5211148274484
596580;672708;0.0
751813;332403;542.8300671494903
200749;283094;2846.5577837279407
826214;668467;250.75856002260383
798629;947232;2115.833312366001
483900;212366;85.49250249549317
694983;690691;0.0
5795;603814;359.6622627719951
103652;841918;1023.9439774298282
662733;419839;479.1006163241406
909826;926341;4336.540774146428
716303;244124;423.1419228010192
758559;124607;0.0
272515;124092;2674.4293106150117
809698;357600;234.336101591457
32513;498393;392.6246309899184
17887;378771;0.0
529359;412048;703.7473853663942
446114;124092;1861.2088785024002
360729;681692;792.9564253904562
691588;657582;154.21512202203348
726374;682351;4678.514135667592
522150;639983;328.8648505259381
495790;176088;790.8038415684058
698971;191894;1322.9967557906243
845632;913129;89.30164908476718
46098;896302;0.0
996946;256944;4855.084216493889
275713;550395;1027.4947540558517
428998;608480;906.2463777790796
555699;251377;0.0
777468;45127;4573.725253405908
312559;362489;131.27992349126532
790396;112419;416.4735026574429
764143;914322;59.701522223545
174752;85370;677.8005167742535
398903;161791;3289.63297823881
104494;962732;2904.3955699963553
454013;535885;220.2390588905891
790825;159780;30.61671375817675
182339;643049;38.38050872456813
596916;357060;65.28015314868563
382421;231924;764.4628913528351
292139;289302;1375.4401769971942
893916;924533;0.0
535801;332403;640.9526050641035
784451;359220;383.10285569283474
187469;660710;797.7879214189331
351902;181501;0.0
476123;25918;1484.30660835182
117648;467336;3074.4997192173028
508580;728573;82.75990590031519
46079;528099;447.15786419621463
680731;618674;609.0525618500651
263144;197587;0.0
456096;454172;465.8790737538301
434435;43055;0.0
930582;491725;426.06276204057156
469180;342381;268.7006014968129
723328;307791;0.0
101021;682351;5282.790997984483
177443;464465;1617.1724912271638
104494;366172;2037.7305463195842
932825;417921;855.495635426665
921349;918042;3286.650691124502
5334;375031;0.0
360679;765004;84.16621635738
889517;159780;207.61671483633282
792165;617660;1482.5032063136641
742254;64135;901.2623738541488
295282;245332;0.0
548651;175115;98.51403199293071
325302;996452;1396.8724114457634
220422;898797;74.29638918973372
582638;87843;1000.431896932455
781590;34924;541.4071837179555
781590;192063;653.4118208886235
881980;797471;330.7421182778252
519266;63682;4450.078701685425
917331;842353;1510.031908346455
338199;616925;1672.0549266554315
536587;199666;5.034578048812222
674938;127368;146.6013705326176
826214;285685;633.854863640762
685281;306419;210.7381385240011
145845;357060;206.03606828494244
555699;175115;0.0
846666;913809;0.0
458072;68758;455.82334849678597
504523;134783;0.0
398335;493427;1906.306832375997
166292;558292;616.5698345625971
550465;481574;1930.6987349231295
197548;354754;0.0
179421;810277;1677.3871535733865
889399;156463;1305.0949072411058
853921;103828;899.3462115765101
157559;272463;3532.9669758175824
945432;720021;113.79771266192182
803618;347465;1393.2487426158093
416958;701088;263.173994984722
162306;303318;241.6929087643568
774992;354754;0.0
109576;943114;21.38698709525633
887152;111351;0.0
25050;998913;0.0
994557;332403;407.46078911673726
454897;865987;40.41853797971001
767243;419839;855.3090534844897
834376;124092;2665.7900126341306
154186;209750;239.65430695545604
322585;323714;146.24948192670263
629329;442180;289.1225565089602
641245;845427;1517.730696765666
728367;419839;296.44589833967376
635419;481574;2148.6420942355553
302297;359964;0.0
897835;902478;1316.0754437287933
593548;984203;27.490368894576065
128643;617660;2524.0958902907537
278830;342381;300.1335589329672
32820;556622;653.2824508272097
873729;926341;611.7537844547946
347609;30376;261.29796136101436
617866;984203;0.0
594395;577053;362.4092400828797
889399;111351;1248.7904084875765
237818;887902;610.268107959283
280445;853711;2129.8360255945954
504578;647752;0.0
873729;742092;743.3749323606611
434435;175115;154.48187620509583
152481;834789;0.0
199187;161791;1396.154922234617
930675;464465;1497.1686082361393
773773;765004;0.0
840888;760269;146.2792502689572
144562;30048;1156.4426578856055
831962;549883;2447.974915909661
162330;674816;234.24737025143799
508803;671460;0.0
627954;111351;0.0
789805;577053;283.267024425988
820860;70926;426.9670851184626
194721;76655;412.78310548504817
194857;693469;1328.6482677248996
566734;379168;148.68644800903024
715340;923116;714.021331823781
218312;505424;714.5462812271376
296676;923116;1188.4415784943196
166694;892986;270.8880366814759
402936;134783;920.9924534310401
253522;720245;1401.2315734331535
447968;640643;188.79715936632496
288324;112251;872.4727858316203
80991;530577;401.80974577671725
413862;176088;0.0
384852;930630;431.39635076750017
115791;530577;260.2605616685239
196767;219307;2528.7822491338056
713644;712748;803.1868862309052
306906;968423;270.52429699160814
102809;230551;252.5741596199807
96798;695522;114.02585513612945
947148;378771;1207.6126720798288
914527;218845;11.38467395597722
415534;141278;1825.8210654001762
545414;161791;1460.8440113805095
849071;569289;3382.0557504834596
757708;828986;100.88048980668137
9797;539831;599.5973954685974
633800;708918;111.29573589141926
846009;85370;585.7270144314305
326381;429815;1461.1454247252136
303215;695937;937.6090928206008
960673;751476;645.9138970378884
255026;680971;102.30917995202076
563940;357060;5.731291699254854
779163;182948;326.52310697085363
208084;378771;464.95578394301384
106743;21244;36.848674506219254
28913;107765;580.2755452836243
13713;419839;257.6076460359089
290643;359964;542.9602860883233
500846;785196;0.0
875919;772796;0.0
824555;825117;889.3783548482061
573417;337273;3165.0799895785567
432054;589532;326.52510095687313
411093;332403;398.35070300024256
727337;382847;777.6501934629252
528461;454172;1324.7424863587166
791435;698415;0.0
679489;444328;763.6533748039842
183735;578968;676.6746861515534
619310;337599;3.9304030810304766
633359;191894;395.92283615629606
959850;922019;0.0
723044;589905;1653.5781009088364
454428;278805;281.02835926520413
455432;95439;411.6652290723649
495790;879164;1371.993687801666
700784;477242;3315.0643325505384
860559;481574;1978.659111845147
233713;442208;2218.844214901822
208084;998913;446.62258907645617
791435;70231;0.0
937704;941421;1145.2712422772374
240824;636297;1440.0287878879094
189623;467096;419.7915948925382
773773;311506;0.0
216482;631627;1093.63835801101
930582;682351;4727.832898947059
508803;519863;0.0
522150;831838;256.4658212107392
731718;366462;959.0122708334206
479968;797981;0.0
208084;593896;740.2785557948422
492472;842438;405.5875300580121
322250;490313;1532.2633580056756
50945;289302;1461.0095882260641
376613;853711;3598.2364229719847
46049;728573;948.6225593864685
288123;191894;479.00235321622574
941366;615562;561.0812852009988
573417;984203;2300.577689684868
456045;368515;104.9040870203057
153473;337599;316.19660783324264
98667;998913;274.3112019866459
617846;852932;3489.902350494705
537780;735779;1514.5424892731867
10243;992122;779.1348370246751
233713;366172;79.94318096640966
434435;821099;419.1951404349305
510562;230551;310.91632402826986
193676;158396;620.3506404400227
120748;660174;134.50670756551875
900354;442180;774.593634381026
220422;582264;260.8598429430786
517910;546334;380.9279683467124
178381;412048;780.7438933737583
217877;138281;0.0
160817;33540;0.0
839495;975724;182.78298652244825
255620;124092;873.2892067937179
772157;7391;8052.493946314731
187469;6139;520.4074662088269
374927;653526;768.7859171700323
475311;124092;773.9526273988089
208084;285685;433.0255298496534
60438;282435;1417.8730687595557
280445;918042;4256.857226548523
144771;205688;530.2462607498542
961018;785196;0.0
954515;877336;2534.356223520647
416958;662929;148.73790253345055
634006;926341;1173.6777731416087
936230;560212;0.0
318384;713381;337.3363583560014
443869;491725;559.5322009138354
600619;481574;1909.1184950572433
834971;64135;1020.2718447437416
831804;151958;380.8680272894102
87432;876369;0.0
264895;569289;0.0
968045;442180;1177.4077380040108
54907;652915;122.4700691560887
926602;665162;972.2741674454041
533645;975724;2464.813480630705
293697;955087;1770.8487426764327
888300;845427;216.47946869945588
400867;217961;418.38998956085584
430499;280800;540.251999527153
10146;799335;0.0
981277;964047;38.131886801539395
23921;936020;0.0
949563;681692;1002.6142183005187
61112;633474;1725.0313610656035
265728;30895;0.0
681518;918042;3622.569189236766
430499;681692;1462.8540130499575
778023;680503;222.88798756193034
14688;959059;457.8047156825646
40242;59550;0.0
617846;892846;4094.2745351029976
361097;626176;109.55589598103529
767676;531167;2515.184560539225
528461;710003;1226.1005432308102
422091;151958;387.5769641693174
749597;203088;3286.762642318132
47560;378771;0.0
780239;200862;145.22140020445747
470255;694161;0.0
974428;532822;0.0
448151;638106;0.0
857999;85370;1319.847427310141
364412;576469;47.84628278558222
475415;73355;891.5391080044
607890;124806;0.0
736141;407954;177.50578457538106
184614;964047;440.5549683248482
990076;458201;345.6694462191868
504523;453949;962.7561308794319
592059;835492;1193.3489281260713
235452;556507;614.8438025242181
143176;782278;519.0822733361917
44162;807530;527.1014367742869
368452;810856;913.423436832066
517910;429117;0.0
425980;21244;390.57444775583264
98012;736860;546.7923454723298
257737;322436;0.0
352318;369424;0.0
492472;579967;450.50041770347747
945432;132660;0.0
518921;323714;815.7380842835246
208530;247498;221.25976467673883
522694;366435;3668.923448639708
119426;203088;5259.1838573011055
374572;467336;2034.4374726444787
154142;90008;1855.7434751527678
838520;676985;423.2180561956339
468370;357060;1155.87293942725
277054;343176;0.0
975852;467096;733.7736222829363
331478;166845;788.5940171746336
810801;313852;803.4576555864734
969286;626176;964.0939227399109
779845;817299;105.17369333663913
149050;882140;438.3963711403286
971793;918042;3842.170530478893
45937;23763;375.38439802974284
235170;569118;1.499931839417826
881238;271305;0.0
640322;43055;441.16208134796716
460157;991841;539.268800687017
162330;947232;0.0
160817;923116;749.5068794560964
501468;809910;0.0
725812;710003;2312.1218739475767
212425;799335;0.0
85752;710003;248.74143710709785
618019;94700;0.0
941366;161791;1964.7078921519399
980347;143052;1654.5596724775614
90148;46820;2726.5489390182547
68322;442208;1664.1399211765784
876906;95439;620.5708322950269
909495;693469;274.0074990047756
393955;437502;378.57008477878605
916590;467336;1890.3145908037086
59627;676985;722.9693253246089
154714;956375;1930.3013483022992
561339;305861;0.8561809906796896
742254;814031;2741.013295190362
937704;913809;1030.5220176444786
348868;639521;432.61352936334686
98667;512894;0.0
381520;955087;329.5974081861862
90148;359964;2789.7109355090392
147716;555325;657.0917505010204
28913;528099;792.1448301765244
43130;404332;267.2403469936866
411817;710589;830.0136727529589
747027;878826;604.7178031073981
290643;695937;766.1957673316701
859160;965622;145.58130005090916
67558;530577;7047.197537576159
705632;817206;0.0
173252;358877;487.3565407294736
540742;610392;632.0131933678941
301337;203088;1300.5232133452005
749499;244124;491.24122770813597
264058;64135;971.8535870839463
971793;354754;0.0
564398;407954;0.0
890152;342381;405.82288087364526
383236;412048;480.3699857347667
324193;582264;13.622419759196703
513326;66853;34.46242142314479
672617;580528;1492.4296815919126
784451;419839;624.5806975800924
583085;642163;421.90925771734464
858927;789786;25.021471204982277
834313;701088;734.596260048303
527866;593407;304.2332286335599
515608;354754;0.0
195691;378771;0.0
423178;528099;875.2137177589461
940045;880536;3306.8354693355554
552585;998913;0.0
149710;124092;1412.8732670783238
266071;247498;3.970799813294036
820043;87843;462.55196173026053
258017;683627;1873.6886080999934
411093;550395;1319.2276581943654
501724;318504;172.22512803172253
580347;110225;1967.4092521898021
883476;384028;0.0
498989;43055;605.4673906166882
166096;643049;123.0396268843034
350287;173500;0.0
665978;812449;396.88969815110806
980278;203088;934.5397426776227
16154;961450;440.2063338753869
113887;722025;3651.318279682245
689551;830738;1469.0139982443843
411093;561824;38.93431795520914
369563;828007;0.0
852394;467336;3484.663984572614
240824;282435;2923.5366955357213
33893;475187;0.0
763874;11502;4963.6781422316835
950407;45981;0.0
456045;429815;727.3033127402176
69792;482465;300.72590330489277
476123;753600;1173.8622671282208
779163;712748;1236.0918317912851
485906;545860;683.1343266843357
877276;765004;165.64158779876948
299012;109628;306.68713452267104
98940;24488;2113.7410535760037
29847;65027;0.0
416960;138281;0.0
548544;149835;1374.8104809220476
626591;689022;1081.7233145929436
674728;993433;65.917726439582
607020;107692;341.6389292606312
224720;834789;189.88517287644808
349749;688024;0.0
617795;697735;1265.819082981308
515608;710589;51.026581912018656
69175;39515;0.0
128643;617660;2524.0958902907537
452902;134783;0.0
890113;697735;265.4560259705253
292771;46897;185.19162516985648
757708;839768;171.15830683854747
763494;638106;803.4361990783124
500785;803231;0.0
863817;427016;312.17527696090696
983003;668467;0.0
522694;864429;3424.677777251898
43101;662929;354.99418851539406
517362;332403;575.3635077160221
534751;59550;503.7790472990884
594395;113347;0.0
929711;950993;1440.739546461745
255026;244124;534.5246386615728
287882;298381;685.6080824782175
280445;577053;939.6756943100712
648669;357060;0.0
550427;195861;304.86814192402994
645071;676985;535.6364404486194
453432;288799;0.0
803238;235165;355.51435033806916
165614;134783;0.0
887152;429815;656.775874942637
216482;838773;1274.273170434729
425517;516044;725.6792675550224
860559;449058;0.0
285752;837231;0.0
641770;2518;79.86809692523366
109353;168040;4281.622016262089
834376;660710;1809.4618402149652
32806;652478;1287.9686034644128
235413;244124;2534.9495753252813
485327;276204;202.1378935452
367563;680971;0.0
100501;494777;9.953703517878921
696596;205688;0.0
583085;121996;703.9158260354036
847991;71619;194.14239413813374
117648;209750;1670.972920110916
439902;544583;532.9139161075
377319;593407;139.02398161922775
198694;282435;1695.1771708480637
463435;944806;74.14134032205985
272968;168040;1210.7685272121057
172715;779403;417.5761638311296
144919;419839;444.3835779666139
782910;644221;378.89072157275734
185660;841918;1545.0031896285861
539162;22967;0.0
454428;134783;371.57298300232384
952776;85370;1146.4635136982135
629589;440242;724.226212976218
274429;313852;489.7769760464773
295282;972871;180.13274706196475
277770;493058;138.1086652767416
118098;141278;1290.71182307011
425517;831838;811.7474434160418
285752;191805;236.2500542778546
86582;70231;398.0564307875758
391445;918042;3997.2039714371795
817147;746858;12.456659949947323
417654;875119;515.6363820982842
553396;356630;219.84730422628917
974428;64135;694.2803911162692
239119;50627;0.0
827354;231924;609.5302183725446
926638;672373;10642.955507411718
485420;890771;4116.222928190765
217877;926341;91.59045314431393
854305;303562;24.617209823492686
589745;695073;0.0
611037;767751;893.4576844504129
508803;341932;420.0994505812197
343297;244124;401.38251126166745
560178;845658;3328.3871194582043
364315;924533;9968.372186569244
672617;62959;1410.5923718949591
447121;545860;1555.9632770121923
723044;230551;1161.74797346828
473629;831838;2043.1798183140197
46079;586320;0.0
842403;618540;415.6540837597074
184614;945506;181.71852994975802
536265;913809;0.0
812593;681692;970.2554035741771
263666;181501;0.0
615851;956375;2236.1963831521407
677058;64135;3472.5993246291737
849071;918042;7113.975502169008
555524;257446;0.0
588548;530577;879.9284523502431
875987;432302;236.18245484252753
826214;442180;1100.1531051432262
270111;217762;1023.2692826618131
620114;528099;1441.4536275808528
983003;668467;0.0
307066;155818;35.65315542358417
623472;15238;441.2539289354813
887152;278805;0.0
517362;155818;668.4265493928896
687395;138281;0.0
329721;219307;2110.06787495846
326381;685277;683.9092846795977
714512;892846;1359.6902374011875
266071;24488;1575.193677240387
956532;24488;1454.5577076348782
112134;322436;743.9660229003456
519861;442180;1078.33176436034
74832;866793;19.941669310387482
975124;244124;1434.1073613086323
302819;419839;2192.849111541534
85752;467336;1913.9166498182885
983003;287317;0.0
597966;64135;754.3250277404708
259639;481574;1808.3062518934903
880633;398911;66.03241613158701
307836;810277;9.116050370871108
428998;62760;150.15917996871434
379357;378771;1324.4381315842948
888088;154970;0.0
791263;90870;0.0
527585;918042;3990.8918174570313
197117;765004;233.636267325032
38878;225992;704.5804665867811